id,warehouse_id,scientific_name,common_name,description,photo[],photo[],photo[]
1,0,Vespa velutina,Asian hornet," Lorem ipsum dolor sit amet, consectetur adipiscing elit. Mauris quis lacus eu erat lacinia ultricies. Maecenas molestie lacus odio, sit amet bibendum sapien ultricies vel. Phasellus nisl turpis, faucibus in diam vel, lobortis sagittis mi. Vivamus lacinia velit sit amet tortor condimentum, quis semper eros laoreet. Lorem ipsum dolor sit amet, consectetur adipiscing elit. Morbi maximus magna non sagittis ultrices. Aenean tortor enim, tristique non interdum vel, cursus a neque. Nam finibus ipsum nec diam sagittis viverra. Vivamus id cursus mi. Vestibulum imperdiet tristique accumsan.

Etiam sit amet enim molestie, commodo turpis porttitor, cursus velit. Pellentesque commodo quam neque, et viverra lectus rhoncus non. Maecenas vel ipsum vulputate, vehicula metus vitae, consequat sem. Suspendisse potenti. In vestibulum suscipit vulputate. Cras vitae neque malesuada, tristique nunc id, porttitor sem. Nunc bibendum mauris a accumsan volutpat. Phasellus ac convallis nulla. Duis malesuada ligula velit, non tincidunt ipsum gravida quis. Nulla egestas quam tempus viverra fermentum. Nunc vestibulum sit amet urna vitae eleifend.

Sed fringilla nisl id arcu lobortis sollicitudin. Maecenas at orci justo. Etiam mattis enim id mauris dignissim efficitur quis quis arcu. Proin venenatis ligula sed magna vulput",images/Vespa_velutina.jpg,images/Vespa_velutina_2.jpg,
2,0,Vespa crabro,European hornet," Lorem ipsum dolor sit amet, consectetur adipiscing elit. Mauris quis lacus eu erat lacinia ultricies. Maecenas molestie lacus odio, sit amet bibendum sapien ultricies vel. Phasellus nisl turpis, faucibus in diam vel, lobortis sagittis mi. Vivamus lacinia velit sit amet tortor condimentum, quis semper eros laoreet. Lorem ipsum dolor sit amet, consectetur adipiscing elit. Morbi maximus magna non sagittis ultrices. Aenean tortor enim, tristique non interdum vel, cursus a neque. Nam finibus ipsum nec diam sagittis viverra. Vivamus id cursus mi. Vestibulum imperdiet tristique accumsan.

Etiam sit amet enim molestie, commodo turpis porttitor, cursus velit. Pellentesque commodo quam neque, et viverra lectus rhoncus non. Maecenas vel ipsum vulputate, vehicula metus vitae, consequat sem. Suspendisse potenti. In vestibulum suscipit vulputate. Cras vitae neque malesuada, tristique nunc id, porttitor sem. Nunc bibendum mauris a accumsan volutpat. Phasellus ac convallis nulla. Duis malesuada ligula velit, non tincidunt ipsum gravida quis. Nulla egestas quam tempus viverra fermentum. Nunc vestibulum sit amet urna vitae eleifend.

Sed fringilla nisl id arcu lobortis sollicitudin. Maecenas at orci justo. Etiam mattis enim id mauris dignissim efficitur quis quis arcu. Proin venenatis ligula sed magna vulput",images/Vespa_crabro.jpg,images/Vespa_crabro_2.jpg,
